00a7d31c6cc6b7f3_jpg.rf.641695200cda83be76f64c5402215f27.jpg,0122CBR
00c82d64185293a7_jpg.rf.6aaeb74faf1905eeee48dd4fb324e013.jpg,BE33TA
00d9db3d2c186504_jpg.rf.5a493e083834aa4b4748f09a073cc200.jpg,M132HOD
00e4cd60e84c0463_jpg.rf.3f6ceeb5a044679bc8049117a6f2367d.jpg,W827PFB
00e8e5e79255536f_jpg.rf.04e24b86d0c062773ed207e247043b8c.jpg,CNK06N
00e481ea1a520175_jpg.rf.c4d1a6e54a45b095e9656f64f44fbd74.jpg,SN05DZX
02a3ba4c3886fe9a_jpg.rf.3e8359561ec92f1bbbe9f7ca5454eb44.jpg,DS08PCZ
002d099996f3f443_jpg.rf.edb05fc406d0db3a30d19b526234e4ae.jpg,4DAHORD
02fee967ac39acf0_jpg.rf.b725ecccc693abf1be9b21c94aea6efe.jpg,FABOLUS
5-D_NQ_NP_964214-MLM31229923176_062019-W_jpg.rf.106a7ea9f8213905148ec40356703bcf.jpg,JA799
005e1faed531ae7e_jpg.rf.b493fac1c7704ed76cf809123c779202.jpg,GZX830
6-cdmx2018aa_jpg.rf.bc5139e1abf6719cde9dc7399d29d33e.jpg,DV098
008e36a5a0623445_jpg.rf.2306f67402a8e0a84c473d42662bf67e.jpg,PL5ILGK
0010f4c10f7ab07e_jpg.rf.1844f6dde3b97ed1c762db933bbacaf3.jpg,5206
11-Guerrero-2BPlaca-2Bcapacidades-2Bdiferentes-2B99-GAA-2BFranja-2Babajo_jpg.rf.25db474acc416e3ddf70e0080083ac7d.jpg,22GHL
20-cdmx2017policia-c_jpg.rf.80df9245b5dd6f7e54d1d48ca2241e2f.jpg,MX419C1
021d0fd9b41f8d4b_jpg.rf.556b29b126d944cfbbc7ada5a412a710.jpg,AAT5827
32-cdmx2016dem_jpg.rf.131415f991a18caca53717c362178d93.jpg,0AA00
36-noticias_20180705141422_1021_jpg.rf.71a3e2a59f14d248aacc783e67d7db79.jpg,HDT72
0039ac4bfb8bd69d_jpg.rf.769d6707b4aca05b1946eaab323e3209.jpg,PN52XLL
40-GRO-GZR-Auto-Mar_jpg.rf.399d7e26d44af958b3a1feb9ae95cf5d.jpg,GZR8431
41-1200px-Washington_License_Plate_2019_jpg.rf.67e1ce942dcdd9efef50708b46cda042.jpg,BIC9434
42-1280px-Alberta_1997_license_plate_-_SNX-000_jpg.rf.5f5ae71c2ea5e7557309703b93ffe152.jpg,SNX000
51-800px-Illinois_2017_License_Plate_V2_jpg.rf.51172fc08a90bf2f03ea12550c7c2058.jpg,AP75117
52-1024px-NJ_commercial_license_plate_XCJ-S77_jpg.rf.a2d995413cd540ffeba6e0b01b3e8108.jpg,XCJS77
55-640px-Sweden_license_plate_jpg.rf.6097aa7890367b775a34b8544b14c619.jpg,EPR479
55-D_NQ_NP_610094-MLM31234159132_062019-W_jpg.rf.3795f46f0bec310843a750b613915415.jpg,HAH1366
74-gro2012taxi_jpg.rf.6cb1ce5081b2f6d65faaa6b3a7295880.jpg,3774FMG
83-640px-1957-8-9_Hawaii_license_plate_jpg.rf.62326ecc28f8099a174648ecad0694e4.jpg,5A4934
0088be963439e57d_jpg.rf.28c073cfe5dd21fd19b31521c529ae47.jpg,AK194YG
99-maxresdefault_jpg.rf.26da1841e95c0f4dea54c5df223bd7a5.jpg,058SBQD
0123f836ce94678a_jpg.rf.fe2bd61ffae503812d9adfb7388f3a8b.jpg,R290BNC
0269b68e1093b0be_jpg.rf.d849090c88004eebda423e5fc2874c19.jpg,481ZFZ
000812dcf304a8e7_jpg.rf.ba32e6c184b3d974abcced6f7c29af6d.jpg,63721BA
01984a985e4bf80f_jpg.rf.108fdb3b623f373132434d2112f9a2b4.jpg,7029207
2016_Nevada_license_plate_28front29_jpg.rf.f47e9374cce671a2602651643b8e4ff7.jpg,890H14
002519f868563098_jpg.rf.29775b804909c1d042ce008c09f033e4.jpg,YUR678S
002901d9d194c4fb_jpg.rf.ba35ca49985646e7c1e01fb118f038d8.jpg,ABF606
589222_jpg.rf.fce45ff8d9d6e21e30e5d18acea52b3a.jpg,589222
00777823afff31f7_jpg.rf.133592a05ef2af2c8ca13a3d39a7902a.jpg,RV59
824521_jpg.rf.e12132c2d23df66051a659c4a8490cbf.jpg,JKS3724
1649292507297_jpg.rf.c231d85db8ca88c9c0474f0ef7fca344.jpg,505ZHZ
1649292507305_jpeg_jpg.rf.a97de3969af73db70e6e4748b1285dda.jpg,560VDN
1649292507307_jpg.rf.4c920459b889dc3db5fe3c57592f3011.jpg,21VBD
1649292507312_jpg.rf.f4026f759d9bb32bfa8ad082060fd3f2.jpg,8888LTB
1649292507325_jpg.rf.c84e6f68d0abe30c4fa44ed1312ab095.jpg,7XHB
180813110256204881_jpg.rf.e195df04032e965cc274f47bc0bc6eb8.jpg,7121JRA
a55eab26-29e5-4277-a2d1-d5000e317278_750x422_png_jpg.rf.ec7fe399a1b705d08ca12b383988d800.jpg,TEN1796
All-2050-20U-S-20license-20plates_-20ranked-20from-20best_yythkg_jpg.rf.0739fd04805f523051ea967f58aa11c6.jpg,PDK095
Amazon-com_-20SunplusTrade-20License-20Plate-20Frame_-202-20Pack_yythk_jpeg_jpg.rf.1d30c47dd4e45998269ae274cf0b126f.jpg,CA00M00
American-20license-20plate-20-x-2010-20different-20states-_-20Car_jpg.rf.82d41abfb5c95eb1acb5c3128e12a830.jpg,GSC5691
BB8986_jpg.rf.37bee5cf185c20188e7bad02428eaf19.jpg,BB8986
Best-20Electric-20Car-20License-20Plates_jpg.rf.760f3e87aec25089cf210d1f7bb71bf9.jpg,EVSROCK
boderngoaigiao5_jpg.rf.ab935bb36561d3ad5f58773e8e550fa3.jpg,41501NG08
boderquandoi100_jpg.rf.9a603d144f41b00d83ad9884fe4fcbdd.jpg,CP2319
boderquandoi101_jpg.rf.f86b8377e626a43f85a5c2cf72c448be.jpg,BH5262
brightnessngoaigiao14_jpg.rf.ee7747e8ac8e1d7723b978582f13a753.jpg,80NG
brightnessquandoi4_jpg.rf.75e7f8c4fe30477ac626caa24f63ce32.jpg,OH3346
brightnessquandoi23_jpg.rf.6b781f425bbd6e15f208a90ef8316a96.jpg,AN1D50
brightnessquandoi29_jpg.rf.6164dd60066e6592992fe485ab6d92ef.jpg,BH5262
brightnessquandoi46_jpg.rf.9a25fbca145e69a06d2106f31ac3e2cc.jpg,TH5097
brightnessquandoi71_jpg.rf.e31e95cd182a43def79e5d3e16513f88.jpg,TH5273
brightnessquandoi88_jpg.rf.60b80387fc8636a4e8aff8af8aa20019.jpg,BN5370
Can-20Someone-20Really-20Steal-20Your-20Info-20From-20Your_yythkg_jpg.rf.4ce97351c72e07b89b7ea7fa3f0e4af4.jpg,PINKIEG
CarLongPlate23_jpg.rf.445eea4c3eddb4b254131e62981023db.jpg,51G47281
CarLongPlate24_jpg.rf.84aa881446620739236ead09670f0801.jpg,51A96141
CarLongPlate50_jpg.rf.67eac2c2db1d0e7ee74916678762c3ed.jpg,51F07973
CarLongPlate61_jpg.rf.a9a8d1c0ac304cf8a88f87b40ffa7ee6.jpg,51F31118
CarLongPlate62_jpg.rf.f7824cbd8a9065d5e91031aa34172792.jpg,51F31118
CarLongPlate68_jpg.rf.911ccd08b70af2753b1cf1c13a12fec4.jpg,29A51796
CarLongPlate83_jpg.rf.a974d855d2b16b90dd41aafd9104fd88.jpg,51F24403
CarLongPlate112_jpg.rf.3c8fc375f7cc0b8589a70668a028d939.jpg,51A65474
CarLongPlate114_jpg.rf.065dde596108804daf8bbfe6dcce957f.jpg,51F06532
CarLongPlate118_jpg.rf.720792ffa0cd7776e58f3dd397b5ddc7.jpg,50LD04411
CarLongPlate122_jpg.rf.8c4ac59c09396f569a502b728997cec4.jpg,51F06532
CarLongPlate129_jpg.rf.9809ceef484f6adc88d1aaabaa081c4f.jpg,51A77529
CarLongPlate147_jpg.rf.05928997613cd0795a508f780ce3e01b.jpg,51F07973
CarLongPlate160_jpg.rf.1ac7e43aaea3ad259063f1a24e8ad915.jpg,60A20880
CarLongPlate161_jpg.rf.1926166fd6d384eda07c159efa222b3c.jpg,60A20880
CarLongPlate179_jpg.rf.91ee1441f2ddd2a8cfe2855397cde20e.jpg,43A18650
CarLongPlate181_jpg.rf.6ae12f2960c432fee90adf13a1f27dd3.jpg,5DZ1630
CarLongPlate212_jpg.rf.f1856aee2196cf3863ccc30c37cd1ecd.jpg,47A06546
CarLongPlate263_jpg.rf.5e63ca7f3f8452cd7cfc90f9cdc2160b.jpg,52Y6490
CarLongPlate277_jpg.rf.d0ad51fbb6cb757cf74db38719d63326.jpg,60A03868
CarLongPlate291_jpg.rf.db52a651a36cd74277ff80d82cadde1e.jpg,51G51332
CarLongPlate296_jpg.rf.300bbd1160d37530d56d9c8bed98254d.jpg,51F59011
CarLongPlate304_jpg.rf.5fa803579f16d4714b3637d193de5096.jpg,51F07568
CarLongPlate307_jpg.rf.de23385fd41895fdb8f7fec44cd3eb9a.jpg,51A77529
CarLongPlate319_jpg.rf.9d0aead6501c01f75874b9d50b685999.jpg,51F07973
CarLongPlate324_jpg.rf.5ec142a7c34ce4267daf3a2b40c8945c.jpg,51G49539
CarLongPlate343_jpg.rf.e180164231ba8ebc1262bfaac1ce9503.jpg,51F73029
CarLongPlate361_jpg.rf.81fabb4369d82ba37522e0c8290cf24f.jpg,51F59881
CarLongPlate362_jpg.rf.adcc88193bd35da3961caa4b9415cc3d.jpg,51F59881
CarLongPlate366_jpg.rf.7f5b576856b2db077acfad648bd30865.jpg,51F61712
CarLongPlate381_jpg.rf.418850b66ec49a09e47e0125841810ac.jpg,51F22261
CarLongPlate384_jpg.rf.49353308467cdd5ce0ee6903ec5f5cc5.jpg,51F78396
CarLongPlate397_jpg.rf.0a1bb50a7fb5ccdbae782dd8161c5eca.jpg,51A85325
CarLongPlate403_jpg.rf.b46e0e146eb23af2bb696af6a06d3728.jpg,51G34471
CarLongPlate405_jpg.rf.a5ac9155dd61fbb95a078e0ff8c4e3e3.jpg,51F06532
CarLongPlate415_jpg.rf.b79cc2a44f386c0660a7e352ab0a30c1.jpg,51F22029
CarLongPlate418_jpg.rf.6d4f2c081549fb84c3e2496a5cd66f40.jpg,51A05227
CarLongPlate425_jpg.rf.c9bf7d30aa5f74048de1b075a74991c5.jpg,51F59881
CarLongPlate488_jpg.rf.81b5b99579c87ac9e2074d903d3b9b9e.jpg,51F59011
CarLongPlate506_jpg.rf.3f52b013a8b07a93871a99e6fceadc73.jpg,51F24476
CarLongPlate537_jpg.rf.22e3dbafe809516cabb991ed357b8f58.jpg,51F07973
CarLongPlate553_jpg.rf.f3752d3de382f88976fdefedbf86f5ec.jpg,51F22029
CarLongPlate554_jpg.rf.3188001565d228d5655b68147621a348.jpg,51F22029
CarLongPlate558_jpg.rf.135ae5e7c3ff374e27071d9ac65c4449.jpg,51F22029
CarLongPlate559_jpg.rf.9a872c09f085b1bc247dcae4958f4051.jpg,51G01440
CarLongPlate578_jpg.rf.9d98f4dbf66adb4ce08fa82105e07df9.jpg,61A22959
CarLongPlate587_jpg.rf.af625b2056368789a073df3dadd39b1e.jpg,51F44614
CarLongPlate591_jpg.rf.43b12a5beb27e5abcbed4e261d144e49.jpg,51F24403
CarLongPlate603_jpg.rf.68b183fa3cb28f4da55a07be5fd04e1a.jpg,51F64665
CarLongPlate604_jpg.rf.3e3d5d97349da3e52418a63c29b1f333.jpg,51G47281
CarLongPlate606_jpg.rf.a16afbe3978933cfa37aa962809185bb.jpg,61A30001
CarLongPlate636_jpg.rf.e91ae3c18d350f9bfba20fd0712132fe.jpg,51F44614
CarLongPlate648_jpg.rf.b1e85b4cda643261bbf20d2c6026e713.jpg,51F15585
CarLongPlate660_jpg.rf.f2058c6ea7b0473a05f50be809e5bdc2.jpg,51F59881
CarLongPlate661_jpg.rf.efad8cbdff4e024ded2e8bc7b25508dd.jpg,51F59881
CarLongPlate681_jpg.rf.90fb0879a6dadba8ee11c312174b11a1.jpg,51F88270
CarLongPlate685_jpg.rf.18897b02400b6ecc6181302082b2bc2a.jpg,51A69172
CarLongPlate695_jpg.rf.ad24acaffd8e06389933b6c0ac7dc34e.jpg,51G37307
CarLongPlate699_jpg.rf.ff5cafaa5efe89ea5531601b953b41f6.jpg,51A89714
CarLongPlate705_jpg.rf.18cfb74f45e82c808e1eebb5f48ed9d9.jpg,51A96141
CarLongPlate720_jpg.rf.3e39bcd1d4128d9e6e66b8412743c8b8.jpg,62A05195
CarLongPlate726_jpg.rf.2dd0999a090d551ff0fdbf55d6aa61b0.jpg,51G51332
CarLongPlate732_jpg.rf.8d303131129a91c2967c0fb8485ae1a0.jpg,60A35981
CarLongPlate738_jpg.rf.491975d94de28932e17cb6e0d6e4cb27.jpg,51F59011
CarLongPlate760_jpg.rf.975119ddb2da64788756c03aff12d53e.jpg,51A89714
CarLongPlate799_jpg.rf.478606ab082a81572271c83b4d3666d9.jpg,51A72078
CarLongPlate800_jpg.rf.fd479242950447736146a05280f40603.jpg,51A77529
CarLongPlate806_jpg.rf.39046463ae39a568b40c9c035940a263.jpg,51G51008
CarLongPlate821_jpg.rf.b199ffa6750e5831500645b32bdbeba0.jpg,51A55433
CarLongPlate831_jpg.rf.f304a628603b14f6cba3cc2cdc21bcdf.jpg,51G51008
CarLongPlate844_jpg.rf.771b73c3fe1202c93cf00efb1f1d4578.jpg,51G51332
CarLongPlate857_jpg.rf.2e391c3a8c37cbbbe4535a41836b89d2.jpg,51F04877
CarLongPlate867_jpg.rf.8619d642b339c4ce5bbe82f011ea2f13.jpg,61A22959
CarLongPlate893_jpg.rf.b99c0297dcb5fdb8116cc9a7e23f7b2b.jpg,51F27809
CarLongPlate903_jpg.rf.b57c1d8cc83505e35b0022f4dd83e26b.jpg,60A35981
CarLongPlate905_jpg.rf.6971f0147659be46a0dd7341958234a0.jpg,51A05227
CarLongPlate923_jpg.rf.2089c0b189b43e04c66d4ad1912215e3.jpg,51A72110
CarLongPlate926_jpg.rf.ecae1e04d105d8b1d11801c98b92f569.jpg,51F61712
CarLongPlate934_jpg.rf.4baceadb368dd5878e96b6cc6fd3db6c.jpg,51A96141
CarLongPlate959_jpg.rf.6f23fea37c46ee73c14bf0d533ee07e5.jpg,51F15585
CarLongPlate961_jpg.rf.a13cb5c63bc51c47bef79619cb89014c.jpg,60A35981
CarLongPlate972_jpg.rf.5c7156f5b1cb3bc4b17c11807a7061f3.jpg,51F78904
CarLongPlate973_jpg.rf.5ed0ef1f66299be344e3d28fa0e131a1.jpg,51F78904
CarLongPlate979_jpg.rf.9db18d136467e585a54ecbe2d64aabd7.jpg,51F69259
CarLongPlateGen9_jpg.rf.ef58d6736eaa29b52e31b1e66bdb867b.jpg,52Y6490
CarLongPlateGen14_jpg.rf.4559f4376108562a56594a976a362d06.jpg,51F79512
CarLongPlateGen30_jpg.rf.7e94f8cc23ba07f9a36e77d7b4f93787.jpg,47A06548
CarLongPlateGen49_jpg.rf.e7cdadd321b7c5ef17f1832ce677576d.jpg,3CN4616
CarLongPlateGen57_jpg.rf.73914e7934042afd046d5acea1ef81b6.jpg,51G21870
CarLongPlateGen80_jpg.rf.0a8611da3db93a0d0dd7c97e550b77d0.jpg,51F63034
CarLongPlateGen90_jpg.rf.2aa740bf72bce44f6c1cf39221dfd150.jpg,51A89714
CarLongPlateGen95_jpg.rf.8128d81c7890abc4dcb1df0ef2ecd0d6.jpg,51F24403
CarLongPlateGen115_jpg.rf.4ee40d05361be1a8f8d4e44a117217e3.jpg,51F32488
CarLongPlateGen149_jpg.rf.d594e3ef06b4b49cffad39e2c5ce1ec0.jpg,51F76354
CarLongPlateGen160_jpg.rf.93162aaeee68d758c9bc88785ff93739.jpg,51A89172
CarLongPlateGen248_jpg.rf.793a53f333379327f5c5cc1fc8b5a603.jpg,51G22237
CarLongPlateGen267_jpg.rf.c2136954963f74cef576be0f3b47407a.jpg,51F59011
CarLongPlateGen269_jpg.rf.7eed1215e0a0ec23f63697dcf41f8d16.jpg,52P5688
CarLongPlateGen290_jpg.rf.f5e9039cc01cabf82518ccc867ace404.jpg,51F31118
CarLongPlateGen293_jpg.rf.52ac3f5ccf552ce9cd1124981c552f28.jpg,51G50553
CarLongPlateGen296_jpg.rf.d870110221ad69207972bd69d0bbdeeb.jpg,51G47340
CarLongPlateGen311_jpg.rf.b72b8bbb339c2c257f7268180e8af043.jpg,51F22029
CarLongPlateGen314_jpg.rf.fd0d0aaa8e8bce7893bde316a99e3d77.jpg,51A05227
CarLongPlateGen354_jpg.rf.af6ff494182d268e18e59bf806095fb1.jpg,5DZ1630
CarLongPlateGen362_jpg.rf.bff28e0ac50fc229d680964cfa0737b1.jpg,61F22201
CarLongPlateGen383_jpg.rf.cff84d56c6f1a4a9a3f7a8ca9b73145e.jpg,51F74776
CarLongPlateGen393_jpg.rf.c08b1a20715678863b26e8214a45b2c0.jpg,51F20754
CarLongPlateGen396_jpg.rf.57e47a9c9943820d66bd52732e4d9f07.jpg,50LD04411
CarLongPlateGen410_jpg.rf.995ce37c2931992af5a08c4ef1443a34.jpg,51F06532
CarLongPlateGen423_jpg.rf.c6ca76d9f6849b5149910be7b53acdfa.jpg,51F59881
CarLongPlateGen426_jpg.rf.11e00fa895eebdb1165f3ced305c6bf8.jpg,51A01204
CarLongPlateGen441_jpg.rf.4865d7e0a084a692f6d946e1d62fc428.jpg,51F22281
CarLongPlateGen503_jpg.rf.e441b2bcf53041bc5c99a904a09d2650.jpg,51A69172
CarLongPlateGen506_jpg.rf.320fe2406aa167bdec703a7b616f595d.jpg,61A22959
CarLongPlateGen544_jpg.rf.df52ec1938dbeeaf194ff168ec104f9e.jpg,51A05227
CarLongPlateGen571_jpg.rf.23d5bd2f553dc86a77d9b52c988ae7e8.jpg,G47281
CarLongPlateGen599_jpg.rf.80effbd3eda907029d4aa9cf761dc481.jpg,51F22029
CarLongPlateGen600_jpg.rf.d541136f0e8163f661575e3035f69e3b.jpg,51F22029
CarLongPlateGen612_jpg.rf.d020e2974f583484bcc19e463e665bb6.jpg,51F07973
CarLongPlateGen617_jpg.rf.342d84d4cfc7729f9aca7c49e3eed3eb.jpg,51A69172
CarLongPlateGen626_jpg.rf.258460a8ffae40bf68451ccd76ecf7e4.jpg,61F44614
CarLongPlateGen679_jpg.rf.372581ae94d7df7ff47340b0282c858a.jpg,51A72078
CarLongPlateGen714_jpg.rf.7f6bf19e71bea9d00bc6a28c5a0ed722.jpg,51F63034
CarLongPlateGen746_jpg.rf.c368d98ce5d210c9123a60d56237acf2.jpg,62A05195
CarLongPlateGen778_jpg.rf.19e7a6fcd86a93269d588f77320de445.jpg,51G47281
CarLongPlateGen819_jpg.rf.1386d3951c2e6d571e6175c60922d380.jpg,51A77529
